DistCode,Year,StateCode,StateName,DistName,TotalPop1000,TotalMale1000,TotalFemale1000,TotalLITPop,MaleLITPop,FemaleLITPop,PerCapita1000,TotalPop,MALE_LIT,FEMALE_LIT,OVERALL_LIT,Per capita,TotalCrime,Crime_rate,GDPP
1,2011,14,Chhattisgarh,Durg,5465,2737.52,2727.48,3605.82,2022.41,1583.41,57,5465000,73.87745112,58.05395457,65.98023788,57000,11218,205.2698994,0.010430009
2,2011,14,Chhattisgarh,Bastar,3090.83,1534.73,1556.1,1441.68,844.7,596.99,33,3090830,55.03899709,38.364501,46.64378177,33000,5500,177.9457298,0.010676744
3,2011,14,Chhattisgarh,Raipur,5896.4,2958.06,2938.36,3814.54,2161.17,1653.37,75,5896400,73.06038417,56.26846268,64.69269385,75000,10652,180.6526016,0.012719626
4,2011,14,Chhattisgarh,Bilaspur,5728.51,2899.71,2828.82,3485.06,2031.61,1453.46,52,5728510,70.06252349,51.38043424,60.83711122,52000,5446,95.06835111,0.009077404
5,2011,14,Chhattisgarh,Raigarh,2345.65,1175.03,1170.63,1447.06,823.42,623.64,58,2345650,70.07650868,53.27387817,61.69121565,58000,3024,128.9194893,0.024726622
6,2011,14,Chhattisgarh,Surguja,3018.81,1527.87,1490.94,1585.76,924.61,661.16,28,3018810,60.51627429,44.34517821,52.52930791,28000,2312,76.5864695,0.009275178
7,2011,6,Madhya Pradesh,Jabalpur,3755.33,1939.29,1816.04,2547.24,1440.89,1106.35,66,3755330,74.29987263,60.92101496,67.82999097,66000,10293,274.0904261,0.01757502
8,2011,6,Madhya Pradesh,Balaghat,1701.7,842.18,859.52,1147.62,626.47,521.16,34,1701700,74.38671068,60.63384214,67.4396192,34000,2447,143.7973791,0.01998002
9,2011,6,Madhya Pradesh,Chhindwara,2090.92,1064.47,1026.45,1294.2,731.29,562.9,35,2090920,68.69991639,54.83949535,61.8961988,35000,5180,247.7378379,0.016739043
10,2011,6,Madhya Pradesh,Narsinghpur,1091.85,568.81,523.04,718.79,413.49,305.29,38,1091850,72.69386966,58.36838483,65.83230297,38000,2949,270.0920456,0.034803315
11,2011,6,Madhya Pradesh,Seoni / Shivani,1379.13,695.88,683.25,864.19,485.34,378.85,31,1379130,69.74478358,55.44822539,62.66196805,31000,2712,196.6457114,0.022477939
12,2011,6,Madhya Pradesh,Mandla,1759.43,877.18,882.24,983.67,570.79,412.89,31,1759430,65.07102305,46.80019042,55.90844762,31000,2210,125.608862,0.017619343
13,2011,6,Madhya Pradesh,Sagar,2378.46,1256.26,1122.2,1545.72,908.61,637.11,37,2378460,72.32658845,56.77330244,64.98826972,37000,8978,377.4711368,0.015556284
14,2011,6,Madhya Pradesh,Damoh,1264.22,661.87,602.35,747.72,445.74,301.98,28,1264220,67.34555124,50.13364323,59.14476911,28000,3649,288.6364715,0.022148044
15,2011,6,Madhya Pradesh,Tikamgarh,1445.17,760.36,684.81,747.94,459.35,288.59,23,1445170,60.41217318,42.14161592,51.75446487,23000,3240,224.1950774,0.015915083
16,2011,6,Madhya Pradesh,Chhatarpur,1762.38,936.12,826.25,943.03,572.01,371.02,27,1762380,61.1043456,44.90408472,53.50889139,27000,5133,291.2538726,0.015320192
17,2011,6,Madhya Pradesh,Panna,1016.52,533.48,483.04,552.56,332.14,220.42,23,1016520,62.25912874,45.63183173,54.35800575,23000,2277,223.9995278,0.022626215
18,2011,6,Madhya Pradesh,Rewa,2365.11,1225.1,1140.01,1441.76,845.57,596.19,27,2365110,69.02048812,52.29690968,60.95953254,27000,5007,211.7026269,0.01141596
19,2011,6,Madhya Pradesh,Sidhi,2305.3,1189.55,1115.76,1185.84,712.95,472.89,24,2305300,59.93442899,42.38277049,51.43972585,24000,2536,110.0073743,0.010410793
20,2011,6,Madhya Pradesh,Satna,2228.94,1157.5,1071.44,1371.78,801.05,570.73,39,2228940,69.20518359,53.26756515,61.54405233,39000,5445,244.2865218,0.017497106
21,2011,6,Madhya Pradesh,Shahdol,2460.06,1249.8,1210.24,1397.46,813.79,583.68,25,2460060,65.11361818,48.22845056,56.80593156,25000,3204,130.2407258,0.010162354
22,2011,6,Madhya Pradesh,Gwalior,2032.04,1090.33,941.71,1357.21,803.11,554.1,64,2032040,73.65751653,58.83977021,66.79051593,64000,11015,542.0661011,0.031495443
23,2011,6,Madhya Pradesh,Shivpuri,1726.05,919.8,806.26,900.85,573.24,327.6,29,1726050,62.32224397,40.63205418,52.19141972,29000,4911,284.5224646,0.016801367
24,2011,6,Madhya Pradesh,Guna,2086.59,1093.2,993.39,1123.09,690.84,432.25,34,2086590,63.19429199,43.51261841,53.82418204,34000,3708,177.7062097,0.016294528
25,2011,6,Madhya Pradesh,Datia,786.75,420.16,366.6,491.45,303.82,187.63,26,786750,72.31054836,51.18112384,62.46584048,26000,2614,332.2529393,0.033047347
26,2011,6,Madhya Pradesh,Morena,2653.83,1430.2,1223.63,1507.72,955.85,551.85,44,2653830,66.83331003,45.09941731,56.8129835,44000,5160,194.4359661,0.016579811
27,2011,6,Madhya Pradesh,Bhind,1703.01,926.84,776.16,1094.92,676.51,418.4,32,1703010,72.99102326,53.90641105,64.293222,32000,3695,216.9687788,0.01879026
28,2011,6,Madhya Pradesh,Indore,3276.7,1699.63,1577.07,2309.13,1289.63,1019.5,115,3276700,75.87710266,64.64519647,70.47120579,115000,18569,566.6982025,0.035096286
29,2011,6,Madhya Pradesh,Ratlam,1455.07,738.24,716.83,825.88,485.09,340.79,46,1455070,65.70898353,47.54125804,56.75878136,46000,3829,263.1488519,0.031613599
30,2011,6,Madhya Pradesh,Ujjain,1986.86,1016.29,970.58,1240.99,730.82,510.17,52,1986860,71.91057671,52.56341569,62.45986129,52000,8411,423.3312866,0.02617195
31,2011,6,Madhya Pradesh,Mandsaur,2166.48,1105.5,1060.97,1343.42,810.79,532.64,48,2166480,73.34147445,50.20311602,62.00934234,48000,3542,163.4910085,0.022155755
32,2011,6,Madhya Pradesh,Dewas,1563.72,805.36,758.36,925.37,550.72,374.65,51,1563720,68.38184166,49.40265837,59.17747423,51000,5434,347.5046684,0.032614535
33,2011,6,Madhya Pradesh,Dhar,2185.79,1112.73,1073.07,1077.34,638.48,438.86,46,2185790,57.37959793,40.89761153,49.28835798,46000,5547,253.7755228,0.021045023
34,2011,6,Madhya Pradesh,Jhabua,1754.05,877.56,876.49,561.83,335.49,226.35,18,1754050,38.22986462,25.82459583,32.03044383,18000,2028,115.6181409,0.010261965
35,2011,6,Madhya Pradesh,Khargone / West Nimar,3258.93,1652.46,1606.47,1536.16,889.07,647.09,38,3258930,53.8028152,40.28024177,47.13694372,38000,3874,118.8733725,0.011660269
36,2011,6,Madhya Pradesh,Khandwa / East Nimar,2067.91,1062.83,1005.07,1140.3,665.33,474.97,32,2067910,62.59985134,47.25740496,55.14263193,32000,2914,140.9152236,0.015474561
37,2011,6,Madhya Pradesh,Sehore,3682.39,1919.87,1762.52,2441.05,1389.52,1051.53,37,3682390,72.37573377,59.6605996,66.28982807,37000,4315,117.1793319,0.010047822
38,2011,6,Madhya Pradesh,Raisen,1331.6,700.36,631.24,820.22,479.09,341.13,33,1331600,68.40624822,54.04125214,61.59657555,33000,4172,313.3072995,0.024782217
39,2011,6,Madhya Pradesh,Vidisha,1458.88,769.57,689.31,862.92,512.34,350.57,31,1458880,66.5748405,50.85810448,59.14948454,31000,4651,318.8062075,0.021249177
40,2011,6,Madhya Pradesh,Betul,1575.36,799.24,776.13,939.77,529.78,409.99,39,1575360,66.2854712,52.82491335,59.65430124,39000,3278,208.0794231,0.024756246
41,2011,6,Madhya Pradesh,Rajgarh,1545.81,790.21,755.6,804.25,488.8,315.45,36,1545810,61.85697473,41.74827951,52.0277395,36000,4609,298.1608348,0.023288761
42,2011,6,Madhya Pradesh,Shajapur,1512.68,780.52,732.16,894.61,543.51,351.1,42,1512680,69.63434633,47.95399913,59.14073036,42000,3123,206.454769,0.027765291
43,2011,6,Madhya Pradesh,Hoshangabad,1811.82,943.57,868.26,1163.19,673.01,490.19,49,1811820,71.32592177,56.45659134,64.2000861,49000,4078,225.0775463,0.027044629
44,2011,1,Andhra Pradesh,Srikakulam,3875.35,1922.48,1952.88,2114.58,1211.57,903.01,67,3875350,63.02120178,46.23991233,54.56487801,67000,4161,107.3709471,0.017288761
45,2011,1,Andhra Pradesh,Visakhapatnam,5462.83,2719.65,2743.18,3187.45,1776.63,1410.82,87,5462830,65.32568529,51.43009208,58.3479625,87000,4886,89.44082097,0.015925811
46,2011,1,Andhra Pradesh,East Godavari,5154.3,2569.69,2584.61,3288.58,1716.93,1571.64,71,5154300,66.81467414,60.80762668,63.80265021,71000,7111,137.9624779,0.013774906
47,2011,1,Andhra Pradesh,West Godavari,3936.97,1964.92,1972.05,2652.39,1379.22,1273.17,76,3936970,70.19217067,64.56073629,67.37135411,76000,8311,211.1014308,0.019304186
48,2011,1,Andhra Pradesh,Krishna,4517.4,2267.38,2250.02,3009.72,1598.96,1410.76,79,4517400,70.52015983,62.69988711,66.62504981,79000,6857,151.7908531,0.017487936
49,2011,1,Andhra Pradesh,Guntur,6450.64,3229.31,3221.32,3836.48,2144.27,1692.23,78,6450640,66.40025269,52.53219177,59.47440874,78000,10999,170.5102129,0.012091823
50,2011,1,Andhra Pradesh,S.P.S. Nellore,4254.59,2144.58,2110,2555.88,1432.84,1123.04,79,4254590,66.8121497,53.22464455,60.07347359,79000,6294,147.9343486,0.018568182
51,2011,1,Andhra Pradesh,Kurnool,4597.05,2313.59,2283.47,2431.87,1423.6,1008.27,57,4597050,61.53207785,44.15516735,52.90066456,57000,7441,161.8646741,0.012399256
52,2011,1,Andhra Pradesh,Ananthapur,4081.15,2064.5,2016.65,2310.96,1338.47,972.49,60,4081150,64.83264713,48.22304317,56.62521593,60000,5430,133.0507332,0.014701738
53,2011,1,Andhra Pradesh,Kadapa YSR,2882.47,1451.78,1430.69,1716.77,994.7,722.07,70,2882470,68.51589084,50.47005291,59.55898934,70000,5340,185.2577824,0.024284728
54,2011,1,Andhra Pradesh,Chittoor,4174.06,2090.2,2083.86,2667.88,1484.79,1183.08,56,4174060,71.03578605,56.77348766,63.91570797,56000,5224,125.1539269,0.013416194
55,2011,20,Telangana,Hyderabad,9240.06,4719.59,4520.48,6430.19,3491.47,2938.71,238,9240060,73.97824811,65.00880437,69.59034898,238000,15657,169.4469516,0.025757409
56,2011,20,Telangana,Nizamabad,2551.34,1250.64,1300.69,1389.81,790.21,599.6,78,2551340,63.18444956,46.0986092,54.47372753,78000,6391,250.4958179,0.03057217
57,2011,20,Telangana,Medak,3033.29,1523.03,1510.26,1637.14,953.41,683.73,60,3033290,62.59955483,45.27233721,53.97241939,60000,5669,186.8927798,0.019780502
58,2011,20,Telangana,Mahabubnagar,4053.03,2050.39,2002.64,1940.65,1158.39,782.26,52,4053030,56.49608123,39.0614389,47.88146152,52000,6675,164.6916011,0.012829908
59,2011,20,Telangana,Nalgonda,3488.81,1759.77,1729.04,2001.02,1160.76,840.26,64,3488810,65.96089262,48.59690927,57.35537332,64000,7640,218.9858433,0.018344364
60,2011,20,Telangana,Warangal,3512.58,1759.28,1753.3,2065.02,1179.79,885.23,73,3512580,67.06095676,50.48936292,58.78926601,73000,7913,225.2760079,0.020782445
61,2011,20,Telangana,Khammam,2797.37,1390.99,1406.38,1630.23,901.64,728.59,58,2797370,64.82002027,51.80605526,58.27723898,58000,5961,213.0930124,0.020733761
62,2011,20,Telangana,Karimnagar,3776.27,1880.8,1895.47,2206.83,1257.24,949.59,60,3776270,66.84602297,50.09786491,58.43941244,60000,8973,237.6154247,0.015888694
63,2011,20,Telangana,Adilabad,2741.24,1369.6,1371.64,1483.35,856.35,627,61,2741240,62.52555491,45.71170278,54.1123725,61000,5121,186.813267,0.022252703
64,2011,5,Karnataka,Bangalore,11695.11,6079.84,5615.27,8875.79,4841.81,4033.98,187,11695110,79.63712861,71.83946631,75.89317245,187000,32283,276.0384468,0.015989589
65,2011,5,Karnataka,Kolar,2791.5,1412.84,1378.68,1799.44,1006.27,793.17,26,2791500,71.22320999,57.53111672,64.46140068,26000,2053,73.54468924,0.009313989
66,2011,5,Karnataka,Tumkur,2678.98,1350.59,1328.39,1813.39,1006.02,807.37,43,2678980,74.48744623,60.77808475,67.68956842,43000,5593,208.7734884,0.016050885
67,2011,5,Karnataka,Mysore,4021.92,2023.83,1998.09,2527.46,1376.73,1150.73,69,4021920,68.02597056,57.59149988,62.84212515,69000,7464,185.5830051,0.017155985
68,2011,5,Karnataka,Mandya,1805.77,905.09,900.68,1149.65,638.67,510.98,47,1805770,70.56425328,56.73269086,63.66536159,47000,6120,338.9135936,0.026027678
69,2011,5,Karnataka,Hassan,1776.42,883.67,892.75,1225.26,668.84,556.42,62,1776420,75.68888839,62.32651918,68.97355355,62000,6071,341.7547652,0.034901656
70,2011,5,Karnataka,Shimoge,1752.75,877.42,875.34,1263.02,674.94,588.08,61,1752750,76.92325226,67.18303745,72.05933533,61000,5516,314.7054628,0.034802453
71,2011,5,Karnataka,Chickmagalur,1137.96,566.62,571.34,818.35,438.26,380.09,86,1137960,77.3463697,66.52606154,71.91377553,86000,2726,239.5514781,0.075573834
72,2011,5,Karnataka,Chitradurga,3604.96,1827.24,1777.71,2395.93,1327.83,1068.1,36,3604960,72.66861496,60.08291566,66.46204119,36000,4278,118.6698327,0.009986241
73,2011,5,Karnataka,Bellary,2452.6,1236.95,1215.64,1421.62,813.44,608.18,62,2452600,65.7617527,50.02961403,57.96379353,62000,3205,130.6776482,0.025279295
74,2011,5,Karnataka,Dharwad,4509.26,2293.49,2215.78,3087.28,1712.75,1374.54,66,4509260,74.67876468,62.03413696,68.46533578,66000,3153,69.92278112,0.014636548
75,2011,5,Karnataka,Belgaum,4779.66,2423.06,2356.6,3052.03,1725.55,1326.48,47,4779660,71.21367197,56.28787236,63.85454195,47000,7393,154.676274,0.009833335
76,2011,5,Karnataka,Bijapur / Vijayapura,4067.08,2061.13,2005.95,2361.68,1371.96,989.72,51,4067080,66.56348702,49.33921583,58.06819635,51000,3040,74.74650118,0.012539709
77,2011,5,Karnataka,Bidar,1703.3,870.67,832.64,1042.67,597.2,445.48,43,1703300,68.59085532,53.50211376,61.21470087,43000,3471,203.7808959,0.025245112
78,2011,5,Karnataka,Raichur,3318.73,1664.44,1654.29,1788.86,1046,742.86,47,3318730,62.84395953,44.90506501,53.90194442,47000,3491,105.1908411,0.014162044
79,2011,5,Karnataka,Gulbarga / Kalaburagi,3740.6,1892.09,1848.51,1937.37,1135.11,802.26,40,3740600,59.99238937,43.40036029,51.79302786,40000,4537,121.290702,0.010693472
80,2011,5,Karnataka,Dakshina Kannada,3267.01,1596.84,1670.17,2592.75,1329.72,1263.03,100,3267010,83.27196213,75.62284079,79.3615569,100000,1741,53.29031745,0.030609028
81,2011,5,Karnataka,Uttara Kannada,1437.17,726.26,710.91,1081.91,582.1,499.81,64,1437170,80.15035938,70.30566457,75.28058615,64000,2976,207.0736239,0.044531962
82,2011,5,Karnataka,Kodagu / Coorg,554.52,274.61,279.91,412.88,215.3,197.58,184,554520,78.40209752,70.58697438,74.4571882,184000,1901,342.8190146,0.33181851
83,2011,11,Tamil Nadu,Chengalpattu MGR / Kanchipuram,7726.35,3889.02,3837.33,5805.1,3107.17,2697.93,106,7726350,79.89596351,70.30747942,75.13379539,106000,6269,81.13792412,0.013719285
84,2011,11,Tamil Nadu,South Arcot / Cuddalore,6064.78,3052.52,3012.27,4011.06,2234.8,1776.26,57,6064780,73.21164153,58.96748963,66.13694149,57000,9215,151.942857,0.009398527
85,2011,11,Tamil Nadu,North Arcot / Vellore,6401.21,3197.58,3203.63,4400.74,2414.16,1986.58,47,6401210,75.49959657,62.01028209,68.74856472,47000,7672,119.8523404,0.007342362
86,2011,11,Tamil Nadu,Salem,8595.31,4385.38,4209.93,5567.36,3133.08,2434.29,72,8595310,71.44375174,57.82257662,64.77206756,72000,9667,112.4683112,0.008376661
87,2011,11,Tamil Nadu,Coimbatore,6315.93,3155.57,3160.36,4626.75,2483.38,2143.36,121,6315930,78.69830173,67.82012176,73.25524507,121000,8620,136.4802966,0.019157907
88,2011,11,Tamil Nadu,Tiruchirapalli / Trichy,7480.95,3729.32,3751.64,5236.04,2856.6,2379.45,82,7480950,76.59841472,63.42426246,69.99164545,82000,8522,113.9160133,0.010961175
89,2011,11,Tamil Nadu,Thanjavur,6403.83,3168.19,3235.63,4709.82,2506.87,2202.96,58,6403830,79.1262519,68.08442251,73.54692426,58000,6528,101.9389959,0.00905708
90,2011,11,Tamil Nadu,Madurai,6443.93,3233.1,3210.84,4625.34,2519.39,2105.95,82,6443930,77.9249018,65.58875559,71.77824713,82000,9038,140.2560239,0.012725154
91,2011,11,Tamil Nadu,Ramananthapuram,4634.84,2319.04,2315.8,3337.48,1823.17,1514.31,50,4634840,78.61744515,65.39036186,72.00852672,50000,3511,75.75234528,0.010787859
92,2011,11,Tamil Nadu,Thirunelveli,4827.41,2385.93,2441.48,3623.16,1913.82,1709.34,73,4827410,80.21274723,70.01245146,75.0539109,73000,9177,190.1019387,0.015121981
93,2011,11,Tamil Nadu,The Nilgiris,735.39,360.14,375.25,569.65,299.45,270.2,121,735390,83.14822014,72.00532978,77.46229892,121000,1324,180.0405227,0.164538544
94,2011,11,Tamil Nadu,Kanyakumari,1870.37,926.35,944.03,1548.74,780.54,768.2,69,1870370,84.25972904,81.37453259,82.80393719,69000,5199,277.9663917,0.036891096
96,2011,7,Maharashtra,Thane,11060.15,5865.08,5195.07,8227.16,4591.4,3635.77,108,11060150,78.28367217,69.98500501,74.3856096,108000,15658,141.5713168,0.009764786
97,2011,7,Maharashtra,Raigad,2634.2,1344.35,1289.86,1939.99,1059.69,880.3,138,2634200,78.82545468,68.24771681,73.64626832,138000,1997,75.81049275,0.052387822
98,2011,7,Maharashtra,Ratnagiri,2464.72,1178.45,1286.27,1865.46,967.3,898.16,78,2464720,82.08239637,69.82670823,75.68648771,78000,1463,59.35765523,0.031646597
99,2011,7,Maharashtra,Nasik,6107.19,3157.19,2950,4345.37,2397.54,1947.83,52,6107190,75.93904706,66.02813559,71.15170807,52000,9501,155.5707289,0.008514554
100,2011,7,Maharashtra,Dhule,3699.16,1887.2,1811.96,2200.43,1235.49,964.94,52,3699160,65.46682916,53.25393497,59.48458569,52000,2749,74.31416862,0.014057245
101,2011,7,Maharashtra,Jalgaon,4229.92,2197.37,2032.55,2891.88,1629.22,1262.66,65,4229920,74.14409044,62.12196502,68.36725044,65000,5518,130.4516397,0.015366721
102,2011,7,Maharashtra,Ahmednagar,4543.16,2342.83,2200.33,3151.89,1773.36,1378.54,65,4543160,75.69307205,62.65151136,69.37660131,65000,7648,168.3409785,0.014307222
103,2011,7,Maharashtra,Pune,9429.41,4924.11,4505.3,7171.72,3940.21,3231.51,135,9429410,80.0187242,71.72685504,76.05693251,135000,20986,222.5589936,0.014316908
104,2011,7,Maharashtra,Satara,3003.74,1510.84,1492.9,2225.69,1201.03,1024.66,63,3003740,79.49418866,68.63554156,74.09729204,63000,4312,143.5543689,0.020973853
105,2011,7,Maharashtra,Sangli,2822.14,1435.73,1386.42,2049.47,1121.55,927.92,61,2822140,78.11705544,66.92921337,72.62113148,61000,2743,97.19574507,0.021614803
106,2011,7,Maharashtra,Solapur,4317.76,2227.85,2089.9,2910.68,1651.27,1259.41,68,4317760,74.11944251,60.26173501,67.41180612,68000,6681,154.7330097,0.015748907
107,2011,7,Maharashtra,Kolhapur,3876,1980.66,1895.34,2825.85,1559.76,1266.09,92,3876000,78.74950774,66.80015195,72.90634675,92000,4114,106.1403509,0.02373581
108,2011,7,Maharashtra,Aurangabad,5660.33,2935.94,2724.38,3699.36,2130.37,1569,83,5660330,72.56176897,57.59108494,65.35590681,83000,6995,123.5793673,0.014663456
109,2011,7,Maharashtra,Parbhani,3013.44,1549.16,1464.27,1948.55,1116.84,831.71,52,3013440,72.09326345,56.80031688,64.66198099,52000,2967,98.45890411,0.017256026
110,2011,7,Maharashtra,Beed,2585.05,1349.11,1235.94,1718.51,987.19,731.32,65,2585050,73.17342544,59.17115718,66.47879151,65000,4230,163.6331986,0.025144581
111,2011,7,Maharashtra,Nanded,3361.29,1730.08,1631.22,2189.43,1255.22,934.2,40,3361290,72.55271433,57.27001876,65.13659934,40000,5162,153.5719917,0.011900193
112,2011,7,Maharashtra,Osmanabad,4111.78,2134.68,1977.1,2788.48,1576.73,1211.75,71,4111780,73.86259299,61.28926205,67.81685791,71000,3083,74.97969249,0.017267461
113,2011,7,Maharashtra,Buldhana,2586.26,1337.56,1248.7,1879.87,1048.89,830.98,40,2586260,78.41816442,66.54760951,72.68681416,40000,3902,150.8742354,0.015466349
114,2011,7,Maharashtra,Akola,3011.07,1552.63,1458.43,2281.2,1246.68,1034.51,40,3011070,80.29472572,70.93312672,75.76044396,40000,4025,133.6734118,0.013284314
115,2011,7,Maharashtra,Amarawati,2888.45,1480.77,1407.68,2251.88,1207.1,1044.77,38,2888450,81.51839921,74.21928279,77.96153646,38000,7195,249.0955357,0.013155845
116,2011,7,Maharashtra,Yeotmal,2772.35,1419.97,1352.38,2022.57,1115.98,906.59,41,2772350,78.59180124,67.03663172,72.95507422,41000,5008,180.6409725,0.014788898
117,2011,7,Maharashtra,Wardha,1300.77,668.39,632.39,1019.46,552.62,466.84,50,1300770,82.67927408,73.82153418,78.37357873,50000,3492,268.4563758,0.038438771
118,2011,7,Maharashtra,Nagpur,4653.57,2384.98,2268.6,3673.81,1959.22,1714.59,93,4653570,82.14827797,75.57921185,78.94605647,93000,8063,173.2648268,0.019984657
119,2011,7,Maharashtra,Bhandara,2522.84,1267.07,1255.76,1904.1,1031.55,872.56,44,2522840,81.41223453,69.48461489,75.47446529,44000,2077,82.32785274,0.017440662
120,2011,7,Maharashtra,Chandrapur,3277.25,1665.16,1612.08,2286.99,1267.68,1019.31,55,3277250,76.12962118,63.22949233,69.78381265,55000,3828,116.8052483,0.016782363
121,2011,3,Gujarat,Ahmedabad,8035.36,4215.13,3820.23,6043.75,3369.25,2674.51,168,8035360,79.93229153,70.00913558,75.21442723,168000,20203,251.4261962,0.020907588
122,2011,3,Gujarat,Amreli,1514.19,771.05,743.14,995.46,558.18,437.28,67,1514190,72.39219246,58.84221008,65.74207992,67000,2126,140.4051011,0.04424808
123,2011,3,Gujarat,Banaskantha,3120.51,1610.38,1510.13,1704.92,1048.4,656.52,66,3120510,65.10264658,43.47440287,54.63594092,66000,5273,168.9787887,0.021150389
124,2011,3,Gujarat,Bharuch,2141.32,1106.8,1034.52,1488.62,834.82,653.8,140,2141320,75.42645464,63.19839152,69.51880149,140000,2931,136.8781873,0.065380233
125,2011,3,Gujarat,Vadodara / Baroda,4165.63,2153.74,2011.89,2893.08,1614.09,1278.99,128,4165630,74.94358651,63.57156703,69.45119946,128000,8860,212.692918,0.030727645
126,2011,3,Gujarat,Bhavnagar,2880.37,1490.2,1390.16,1887.26,1087.37,799.88,69,2880370,72.96805798,57.53870058,65.52144343,69000,4257,147.7935126,0.023955256
127,2011,3,Gujarat,Valsad,3035.35,1565.39,1469.97,2172.57,1195,977.57,94,3035350,76.33880375,66.50271774,71.57560084,94000,2532,83.41706887,0.030968422
128,2011,3,Gujarat,Dangs,228.29,113.82,114.47,140.97,77.31,63.65,62,228290,67.92303637,55.60408841,61.75040519,62000,227,99.43492926,0.271584388
129,2011,3,Gujarat,Jamnagar,2160.12,1114.19,1045.93,1396.53,795.14,601.39,123,2160120,71.36484801,57.49811173,64.65057497,123000,5126,237.3016314,0.056941281
130,2011,3,Gujarat,Junagadh,3328.53,1704.57,1623.97,2236.5,1268.6,967.9,59,3328530,74.42346164,59.6008547,67.19182342,59000,4196,126.0616548,0.017725543
131,2011,3,Gujarat,Kheda,4392.64,2272.95,2119.68,3211.49,1816.96,1394.53,64,4392640,79.93840604,65.78964749,73.11070336,64000,4868,110.8217382,0.014569826
132,2011,3,Gujarat,Kutch,2092.37,1096.74,995.63,1252.32,739.24,513.08,115,2092370,67.40339552,51.53320008,59.85174706,115000,4545,217.2177961,0.054961599
133,2011,3,Gujarat,Mehsana,3949.41,2047.7,1901.71,2763.06,1581.03,1182.03,102,3949410,77.21004053,62.15616471,69.961336,102000,4368,110.5987983,0.025826642
134,2011,3,Gujarat,Panchmahal,4517.87,2295.61,2222.26,2447.98,1457.09,990.89,37,4517870,63.47288956,44.58929198,54.18438335,37000,3540,78.35550824,0.0081897
135,2011,3,Gujarat,Rajkot,3804.56,1974.45,1830.11,2725.06,1514.08,1210.98,101,3804560,76.68363342,66.16979307,71.62615388,101000,8521,223.9680804,0.026547091
136,2011,3,Gujarat,Sabarkantha,2428.59,1244.23,1184.36,1578.73,918.63,660.11,70,2428590,73.83120484,55.73558715,65.00603231,70000,4667,192.1691187,0.028823309
137,2011,3,Gujarat,Surat,6888.34,3804.41,3083.93,5061.45,2956.48,2104.97,108,6888340,77.71191854,68.25608882,73.47851587,108000,11854,172.0879051,0.015678669
138,2011,3,Gujarat,Surendranagar,1756.27,909.92,846.35,1093.63,643.22,450.41,81,1756270,70.68973097,53.21793584,62.27003821,81000,3037,172.9232977,0.046120471
139,2011,10,Rajasthan,Ajmer,2583.05,1324.09,1258.97,1526.67,926.27,600.41,65,2583050,69.95521452,47.69057245,59.10338553,65000,6627,256.5571708,0.02516405
140,2011,10,Rajasthan,Alwar,3674.18,1939.03,1735.15,2182.48,1359.83,822.65,62,3674180,70.12939459,47.41088667,59.40046487,62000,10643,289.670076,0.016874513
141,2011,10,Rajasthan,Banswara,2083.88,1052.2,1031.66,961.84,596.39,365.45,33,2083880,56.68028892,35.42349224,46.15620861,33000,2567,123.1836766,0.015835845
142,2011,10,Rajasthan,Barmer,2603.75,1369.02,1234.73,1188.32,783.46,404.86,27,2603750,57.22779799,32.78935476,45.63879021,27000,3392,130.2736438,0.010369659
143,2011,10,Rajasthan,Bharatpur,3754.98,2009.38,1745.61,2163.97,1379.63,784.34,42,3754980,68.65948701,44.93214406,57.62933491,42000,9120,242.8774587,0.011185146
144,2011,10,Rajasthan,Bhilwara,2408.52,1220.74,1187.79,1256.13,777.58,478.54,69,2408520,63.69742943,40.28826644,52.1536047,69000,4697,195.0160264,0.028648299
145,2011,10,Rajasthan,Bikaner,2363.94,1240.8,1123.14,1278.8,782.4,496.4,44,2363940,63.05609284,44.19751767,54.09612765,44000,3831,162.0599508,0.018612994
146,2011,10,Rajasthan,Bundi,1110.91,577.16,533.75,585.04,371.71,213.34,57,1110910,64.40328505,39.97002342,52.66313203,57000,3305,297.5038482,0.051309287
147,2011,10,Rajasthan,Chittorgarh,1830.73,927.62,903.1,954.33,597.39,356.93,61,1830730,64.40029322,39.52275496,52.12838594,61000,4246,231.9293397,0.033320042
148,2011,10,Rajasthan,Churu,2039.55,1051.45,988.1,1149.27,696.73,452.54,37,2039550,66.26373104,45.7990082,56.34919468,37000,3068,150.4253389,0.018141257
149,2011,10,Rajasthan,Dungarpur,1388.55,696.53,692.02,681.59,415.82,265.77,35,1388550,59.69879259,38.40495939,49.0864571,35000,2030,146.1956717,0.02520615
150,2011,10,Rajasthan,Ganganagar,3743.86,1974.52,1769.34,2227.48,1335.19,892.3,94,3743860,67.62099143,50.43123425,59.4968829,94000,5433,145.1176059,0.025107776
151,2011,10,Rajasthan,Jaipur,8260.59,4326.3,3934.29,5239.02,3151.73,2087.29,94,8260590,72.85047269,53.05379115,63.42186212,94000,9771,118.2845293,0.011379332
152,2011,10,Rajasthan,Jaisalmer,669.92,361.71,308.21,308.65,210.42,98.24,83,669920,58.17367504,31.87437137,46.07266539,83000,1081,161.3625508,0.12389539
153,2011,10,Rajasthan,Jalore,1828.73,936.63,892.1,829.58,543.92,285.66,43,1828730,58.07202417,32.02107387,45.36372236,43000,2465,134.7929984,0.023513586
154,2011,10,Rajasthan,Jhalawar,1411.13,725.14,685.99,739.79,466.82,272.98,55,1411130,64.37653419,39.793583,52.42536124,55000,3596,254.8312345,0.038975856
155,2011,10,Rajasthan,Jhunjhunu,2137.05,1095.9,1041.15,1370.36,815.83,554.53,54,2137050,74.44383612,53.2612976,64.12390913,54000,4078,190.8237992,0.025268478
156,2011,10,Rajasthan,Jodhpur,3687.17,1923.93,1763.24,2031.53,1265.75,765.78,55,3687170,65.78981564,43.43027608,55.09726972,55000,6815,184.8301,0.014916589
157,2011,10,Rajasthan,Kota,3173.77,1655.11,1518.66,1991.66,1198.01,793.65,83,3173770,72.38250026,52.25988701,62.75375972,83000,6487,204.3941432,0.026151864
158,2011,10,Rajasthan,Nagaur,3307.74,1696.33,1611.42,1758.62,1102.75,655.87,41,3307740,65.00798783,40.70136898,53.1668148,41000,4258,128.7283765,0.01239517
159,2011,10,Rajasthan,Pali,2037.57,1025.42,1012.15,1085.69,667.38,418.31,68,2037570,65.08357551,41.32885442,53.28356817,68000,5347,262.4204322,0.033373087
160,2011,10,Rajasthan,Swami Madhopur,2793.8,1487.67,1306.13,1547.6,1018.08,529.51,40,2793800,68.43453185,40.540375,55.39408691,40000,3725,133.3309471,0.014317417
161,2011,10,Rajasthan,Sikar,2677.33,1374.99,1302.34,1652.12,995.28,656.84,44,2677330,72.38452643,50.43537018,61.70774615,44000,5417,202.3284392,0.016434283
162,2011,10,Rajasthan,Sirohi,1036.35,534.23,502.12,476.81,309.9,166.91,65,1036350,58.00872283,33.24105791,46.00858783,65000,1952,188.3533555,0.062720124
163,2011,10,Rajasthan,Tonk,1421.33,728.14,693.19,749.66,478.33,271.33,73,1421330,65.69203725,39.14222652,52.74355709,73000,3274,230.3476321,0.051360346
164,2011,10,Rajasthan,Udaipur,4511.41,2292.59,2218.81,2334.27,1439.31,894.96,71,4511410,62.78095953,40.3351346,51.74147329,71000,7939,175.9760252,0.015737874
165,2011,9,Punjab,Gurdaspur,2298.32,1212.62,1085.71,1634.72,907.66,727.06,71,2298320,74.85114875,66.96631697,71.12673605,71000,780,33.93783285,0.03089213
166,2011,9,Punjab,Amritsar,3610.29,1907.78,1702.51,2350.93,1309.41,1041.53,66,3610290,68.63527241,61.17614581,65.11748364,66000,1171,32.43506754,0.01828108
167,2011,9,Punjab,Kapurthala,815.17,426.31,388.86,576.57,316.25,260.31,91,815170,74.18310619,66.94182996,70.73003177,91000,1182,145.0004294,0.111633156
168,2011,9,Punjab,Jalandhar,2567.1,1336.32,1230.78,1890,1028.47,861.53,87,2567100,76.96285321,69.99870001,73.62393362,87000,1602,62.4050485,0.033890382
169,2011,9,Punjab,Hoshiarpur,1825.43,931.24,894.19,1370.7,731.2,639.5,69,1825430,78.51896396,71.51723907,75.08915708,69000,1621,88.80099483,0.037799313
170,2011,9,Punjab,Roopnagar / Ropar,1181.95,622.12,559.83,871.02,483.5,387.52,57,1181950,77.71812512,69.22101352,73.69347265,57000,1083,91.62824147,0.04822539
171,2011,9,Punjab,Ludhiana,3588.76,1915.94,1672.83,2624.13,1464.16,1159.98,141,3588760,76.41992964,69.34237191,73.12079938,141000,867,24.15876236,0.039289337
172,2011,9,Punjab,Ferozpur,3890.29,2054.52,1835.78,2362.69,1346.96,1015.73,85,3890290,65.56081226,55.32961466,60.73300448,85000,1213,31.18019479,0.021849271
174,2011,9,Punjab,Bhatinda,2812.22,1497.26,1314.95,1667.28,957.13,710.15,102,2812220,63.92543713,54.00585574,59.28696901,102000,1609,57.21458492,0.036270278
175,2011,9,Punjab,Sangrur,2298.71,1221.21,1077.5,1395.99,791.51,604.48,73,2298710,64.81358652,56.10023202,60.7292786,73000,1870,81.34997455,0.031756942
176,2011,9,Punjab,Patiala,2855.13,1514.17,1340.96,1963.12,1099.82,863.31,108,2855130,72.63517307,64.37999642,68.75763976,108000,2653,92.92046247,0.037826649
177,2011,4,Haryana,Hissar,5141.59,2724.84,2416.75,3214.4,1911.28,1303.11,134,5141590,70.14283407,53.9199338,62.51762587,134000,4371,85.01261283,0.026061977
180,2011,4,Haryana,Gurgaon,5456.13,2908.46,2547.67,3438.56,2061.75,1376.81,224,5456130,70.88803009,54.04192851,63.02195879,224000,6640,121.6979801,0.04105474
181,2011,4,Haryana,Jind,1527.52,815.79,711.74,949.14,571.49,377.65,86,1527520,70.05356771,53.06010622,62.13601131,86000,2271,148.6723578,0.056300409
182,2011,4,Haryana,Mahendragarh / Narnaul,2179.37,1150.68,1028.69,1494.67,893.6,601.07,78,2179370,77.65842806,58.43062536,68.5826638,78000,2011,92.27437287,0.03579016
183,2011,4,Haryana,Ambala,2903.85,1545.1,1358.75,2055.81,1165.94,889.86,122,2903850,75.46048799,65.49107636,70.79601219,122000,2969,102.2435732,0.042013189
184,2011,4,Haryana,Karnal,4556.35,2423.77,2132.58,2941.65,1715.83,1225.85,144,4556350,70.79178305,57.48201709,64.56154597,144000,3204,70.31944429,0.031604245
186,2011,4,Haryana,Rohtak,3586.65,1926.11,1660.55,2504.79,1474.2,1030.6,103,3586650,76.53768476,62.06377405,69.83647694,103000,3294,91.84057547,0.028717606
189,2011,12,Uttar Pradesh,Saharanpur,5356.8,2839.41,2517.41,3255.46,1911.52,1343.93,53,5356800,67.32102796,53.38542391,60.77247611,53000,3079,57.47834528,0.009893967
190,2011,12,Uttar Pradesh,Muzaffarnagar,4143.51,2193.43,1950.08,2417.34,1448.53,968.81,51,4143510,66.03949066,49.68052593,58.34039257,51000,4079,98.44310741,0.012308405
191,2011,12,Uttar Pradesh,Meerut,9683.96,5161.46,4522.48,6251.5,3676.81,2574.71,75,9683960,71.23585187,56.93137394,64.55520262,75000,7607,78.5525756,0.007744766
192,2011,12,Uttar Pradesh,Buland Shahar,4891.72,2588.65,2303.07,2965.83,1798.35,1167.47,38,4891720,69.47057346,50.69190255,60.6295945,38000,3898,79.68567293,0.007768229
194,2011,12,Uttar Pradesh,Aligarh,5238.6,2788.13,2450.47,3035.14,1862.54,1172.61,38,5238600,66.80248052,47.85245279,57.9379987,38000,5881,112.2628183,0.007253846
195,2011,12,Uttar Pradesh,Mathura,2547.18,1367.13,1180.06,1507.75,943.35,564.4,50,2547180,69.00221632,47.82807654,59.19291138,50000,4546,178.4718787,0.019629551
196,2011,12,Uttar Pradesh,Agra,5268.17,2817.85,2450.32,3197.93,1924.78,1273.15,54,5268170,68.30668772,51.9585197,60.70286266,54000,10290,195.323993,0.010250239
197,2011,12,Uttar Pradesh,Mainpuri,3517.32,1872.53,1644.78,2208.28,1314.23,894.04,26,3517320,70.18472334,54.35620569,62.78302799,26000,2212,62.88879033,0.007391992
198,2011,12,Uttar Pradesh,Etah,3211.2,1711.51,1499.69,1780.05,1099.84,680.21,21,3211200,64.26138322,45.35670705,55.43254858,21000,1695,52.78400598,0.006539611
199,2011,12,Uttar Pradesh,Bareilly,4448.36,2357.67,2090.69,2191.76,1342.7,849.06,31,4448360,56.95029415,40.61147277,49.27119208,31000,5010,112.6257767,0.00696886
200,2011,12,Uttar Pradesh,Budaun,3681.9,1967.76,1714.14,1547.48,986.5,560.98,31,3681900,50.13314632,32.7266151,42.029387,31000,2599,70.58855482,0.008419566
201,2011,12,Uttar Pradesh,Moradabad,6612.23,3466.64,3145.59,3246.96,1957.98,1288.98,43,6612230,56.48062677,40.97736832,49.1053699,43000,3618,54.71678995,0.006503101
202,2011,12,Uttar Pradesh,Shahjahanpur,3006.54,1606.4,1400.14,1490.93,915.14,575.79,35,3006540,56.96837649,41.12374477,49.58956142,35000,2620,87.14336081,0.011641289
203,2011,12,Uttar Pradesh,Pilibhit,2031.01,1072,959.01,1061.1,654.29,406.81,35,2031010,61.03451493,42.41978707,52.24494217,35000,2633,129.6399328,0.017232805
204,2011,12,Uttar Pradesh,Rampur,2335.82,1223.89,1111.93,1043.67,630.41,413.26,26,2335820,51.50871402,37.16600865,44.681097,26000,2514,107.6281563,0.011130995
205,2011,12,Uttar Pradesh,Bijnor,3682.71,1921.22,1761.5,2135.39,1241.47,893.92,44,3682710,64.61883595,50.74765825,57.98420185,44000,2555,69.37825677,0.011947723
206,2011,12,Uttar Pradesh,Farrukhabad,3541.82,1888.02,1653.8,2109.77,1258.43,851.34,27,3541820,66.65342528,51.47780868,59.56739755,27000,2059,58.13395373,0.007623199
207,2011,12,Uttar Pradesh,Etawah,2961.36,1585.9,1375.46,1992.84,1169.78,823.06,34,2961360,73.7612712,59.83889026,67.29475646,34000,2134,72.06148526,0.011481211
209,2011,12,Uttar Pradesh,Fatehpur,2632.73,1384.72,1248.01,1512.17,911,601.16,23,2632730,65.78947368,48.16948582,57.43733691,23000,2256,85.69051897,0.008736179
210,2011,12,Uttar Pradesh,Allahabad,7553.99,3970.3,3583.69,4479.15,2706.62,1772.54,40,7553990,68.17167468,49.46130943,59.29515395,40000,6256,82.8171602,0.005295215
211,2011,12,Uttar Pradesh,Jhansi,3220.19,1698.45,1521.75,1945.7,1181.3,764.42,51,3220190,69.55165003,50.23295548,60.42190057,51000,1934,60.05856797,0.015837575
213,2011,12,Uttar Pradesh,Jalaun,1689.97,906.09,783.88,1075.2,653.43,421.77,28,1689970,72.11535278,53.8054294,63.62243117,28000,1066,63.07804281,0.016568341
214,2011,12,Uttar Pradesh,Hamirpur,1980.25,1059.9,920.35,1141.41,710.41,430.99,27,1980250,67.02613454,46.82892378,57.63969196,27000,638,32.21815427,0.013634642
215,2011,12,Uttar Pradesh,Banda,2791.14,1493.6,1297.54,1534.01,960.97,573.04,22,2791140,64.3391805,44.16357107,54.95998051,22000,1281,45.89522561,0.007882084
216,2011,12,Uttar Pradesh,Varanasi,7207.81,3746.87,3460.94,4488.66,2635.35,1853.3,50,7207810,70.33470603,53.54903581,62.27494898,50000,3021,41.91286951,0.00693692
217,2011,12,Uttar Pradesh,Mirzpur,4359.53,2283.64,2075.89,2414.39,1467.83,946.57,23,4359530,64.27589287,45.59827351,55.3818875,23000,1012,23.21351155,0.005275798
218,2011,12,Uttar Pradesh,Jaunpur,4494.2,2220.47,2273.74,2731.68,1565.39,1166.28,22,4494200,70.49813778,51.29346363,60.78234168,22000,1640,36.4914779,0.004895198
219,2011,12,Uttar Pradesh,Ghazipur,3620.27,1855.08,1765.19,2197.55,1293.55,904,22,3620270,69.73014641,51.21261734,60.70127366,22000,794,21.93206584,0.006076895
220,2011,12,Uttar Pradesh,Ballia,3239.77,1672.9,1566.87,1963.59,1160.96,802.63,22,3239770,69.39805129,51.22505377,60.60893212,22000,1148,35.43461419,0.006790606
221,2011,12,Uttar Pradesh,Gorakhpur,7125.6,3659.53,3466.07,4119.47,2475.56,1643.91,29,7125600,67.64693827,47.42864397,57.81225441,29000,5074,71.20803862,0.004069833
222,2011,12,Uttar Pradesh,Deoria,6665.49,3355.5,3310,3830.06,2263.01,1567.05,24,6665490,67.44181195,47.3429003,57.46104187,24000,1188,17.82314579,0.003600636
223,2011,12,Uttar Pradesh,Basti,6738.94,3420.03,3318.92,3577.66,2127.54,1450.12,24,6738940,62.20822624,43.69252648,53.08935827,24000,796,11.81194669,0.003561391
224,2011,12,Uttar Pradesh,Azamgarh,6819.88,3399.71,3420.17,4134.96,2332.49,1802.46,27,6819880,68.60849896,52.70088914,60.63097884,27000,2173,31.86273072,0.003959014
225,2011,12,Uttar Pradesh,Lucknow,4589.84,2394.48,2195.36,3127.26,1742.44,1384.82,70,4589840,72.76903545,63.07940383,68.1344012,70000,10538,229.5940599,0.015251076
226,2011,12,Uttar Pradesh,Unnao,3108.37,1630.09,1478.28,1773.58,1053.06,720.52,28,3108370,64.60134103,48.74042807,57.05820092,28000,2191,70.48710417,0.009007937
227,2011,12,Uttar Pradesh,Rae-Bareily,3405.56,1752.54,1653.02,1965.84,1165.97,799.88,27,3405560,66.53029317,48.38900921,57.72442711,27000,1553,45.60189807,0.007928212
228,2011,12,Uttar Pradesh,Sitapur,4483.99,2375.26,2108.73,2283.73,1397.7,886.03,22,4483990,58.84408444,42.01723312,50.93075587,22000,3394,75.69151582,0.004906345
229,2011,12,Uttar Pradesh,Hardoi,4092.85,2191.44,1901.4,2221.6,1374.59,847.01,23,4092850,62.72542255,44.54664984,54.28002492,23000,3104,75.83957389,0.005619556
230,2011,12,Uttar Pradesh,Kheri,4021.24,2123.19,1898.06,2034.04,1237.16,796.89,22,4021240,58.26892553,41.98444728,50.58240742,22000,2842,70.67471725,0.005470949
231,2011,12,Uttar Pradesh,Faizabad,4868.89,2472.04,2396.85,2937.84,1685.02,1252.82,28,4868890,68.16313652,52.26943697,60.33900951,28000,2049,42.0835139,0.005750797
232,2011,12,Uttar Pradesh,Gonda,5582.59,2901.87,2680.71,2548.35,1579.12,969.22,23,5582590,54.417324,36.1553469,45.64816689,23000,2481,44.44173762,0.004119951
233,2011,12,Uttar Pradesh,Bahraich,4605.09,2437.78,2167.31,1821.68,1154.99,666.69,17,4605090,47.37876264,30.76117399,39.55796738,17000,2679,58.1747588,0.003691567
234,2011,12,Uttar Pradesh,Sultanpur,3797.12,1914.59,1882.53,2239.9,1300.25,939.65,28,3797120,67.91271238,49.91421119,58.98944463,28000,1551,40.84674701,0.00737401
235,2011,12,Uttar Pradesh,Pratapgarh,3209.14,1606.09,1603.06,1931.56,1121.38,810.18,21,3209140,69.82049574,50.53959303,60.18933421,21000,1854,57.77248733,0.006543809
236,2011,12,Uttar Pradesh,Barabanki,3260.7,1707.07,1553.63,1692.46,1010.52,681.94,23,3260700,59.19616653,43.89333368,51.90480572,23000,2216,67.9608673,0.0070537
237,2011,16,Uttarakhand,Nainital,2603.51,1352.45,1251.06,1734.34,984.31,750.03,94,2603510,72.77977005,59.95156108,66.61545375,94000,768,29.49863838,0.036105104
238,2011,16,Uttarakhand,Almorah,882.41,415.41,467,615.98,329.15,286.83,59,882410,79.23497268,61.41970021,69.80655251,59000,122,13.8257726,0.066862343
239,2011,16,Uttarakhand,Pithorgarh,743.09,370.44,372.65,523.28,291.64,231.64,73,743090,78.72799914,62.16020394,70.41946467,73000,157,21.12799257,0.098238437
240,2011,16,Uttarakhand,Chamoli,633.9,308.58,325.31,451.49,247.2,204.29,109,633900,80.10888586,62.79856137,71.22416785,109000,80,12.62028711,0.171951412
241,2011,16,Uttarakhand,Uttar Kashi,330.09,168.6,161.49,215.13,128.24,86.89,76,330090,76.06168446,53.80518918,65.1731346,76000,75,22.72107607,0.230240238
242,2011,16,Uttarakhand,Tehri Garhwal,618.93,297.99,320.95,407.99,227.41,180.59,66,618930,76.31464143,56.26733136,65.91860146,66000,97,15.67220849,0.106635645
243,2011,16,Uttarakhand,Garhwal,687.27,326.83,360.44,494.89,262.15,232.74,69,687270,80.20989505,64.57107979,72.00808998,69000,209,30.41017359,0.100397224
601,2011,17,Assam,Cachar,3624.61,1850.03,1774.56,2376.8,1302.73,1074.07,47,3624610,70.41669595,60.52598954,65.5739514,47000,4286,118.2472045,0.012966912
602,2011,17,Assam,Darrang,3684.28,1880.79,1803.49,2065.54,1153.53,912.02,29,3684280,61.33220615,50.56972869,56.06359994,29000,2622,71.16722942,0.00787128
603,2011,17,Assam,Dibrugarh,2654.27,1356.66,1297.6,1682.85,944.81,738.04,109,2654270,69.64235696,56.87731196,63.40161325,109000,2529,95.28043492,0.041065905
604,2011,17,Assam,Goalpara,5065.54,2584.73,2480.83,2669.21,1474.05,1195.15,28,5065540,57.02916746,48.17540904,52.69349368,28000,2203,43.48993395,0.005527545
605,2011,17,Assam,Kamrup,6186.82,3170.39,3016.43,3998.18,2202.28,1795.89,47,6186820,69.46400916,59.53693605,64.62415263,47000,2868,46.3566097,0.007596794
606,2011,17,Assam,Karbi Anglong,956.31,490.17,466.15,557.21,314.25,242.96,39,956310,64.11041067,52.12056205,58.26667085,39000,759,79.36756909,0.040781755
607,2011,17,Assam,Lakhimpur,1728.27,880.92,847.34,1106.52,613.31,493.2,26,1728270,69.62153203,58.20567895,64.02471836,26000,2010,116.3012724,0.015043946
608,2011,17,Assam,North Cachar Hil / Dima hasao,214.1,110.8,103.3,140.87,78.56,62.31,73,214100,70.90252708,60.31945789,65.79635684,73000,220,102.7557216,0.340962167
609,2011,17,Assam,Nagaon,3781.19,1925.76,1855.43,2250.62,1211.55,1039.07,25,3781190,62.91282403,56.00157376,59.5214734,25000,5998,158.6273104,0.006611675
610,2011,17,Assam,Sibsagar,3310.2,1689.19,1621.01,2330.2,1273.59,1056.62,90,3310200,75.39649181,65.18281812,70.39453809,90000,2254,68.09256238,0.02718869
626,2011,18,Himachal Pradesh,Bilashpur,381.96,192.76,189.19,287.62,155.6,132.02,88,381960,80.72214152,69.78170094,75.30107865,88000,1077,281.9666981,0.230390617
627,2011,18,Himachal Pradesh,Chamba,519.08,261.32,257.76,323.84,186.06,137.78,66,519080,71.20006123,53.45282433,62.38730061,66000,678,130.6157047,0.127148031
629,2011,18,Himachal Pradesh,Kangra,2486.02,1231.35,1254.66,1910.45,1000.28,910.17,86,2486020,81.23441751,72.5431591,76.84773252,86000,2709,108.9693566,0.034593447
630,2011,18,Himachal Pradesh,Kinnaur,84.12,46.25,37.87,60.7,36.7,24,143,84120,79.35135135,63.37470293,72.15882073,143000,162,192.5820257,1.699952449
631,2011,18,Himachal Pradesh,Kullu,437.9,225.45,212.45,307.67,174.55,133.12,93,437900,77.42293191,62.65944928,70.26033341,93000,934,213.2907056,0.212377255
632,2011,18,Himachal Pradesh,Lahul & Spiti,31.56,16.59,14.98,21.85,12.9,8.95,159,31560,77.75768535,59.74632844,69.23320659,159000,102,323.1939163,5.038022814
633,2011,18,Himachal Pradesh,Solan,580.32,308.75,271.57,428.58,244.37,184.21,171,580320,79.14817814,67.83149832,73.85235732,171000,959,165.2536532,0.294665012
634,2011,18,Himachal Pradesh,Mandi,999.78,498.07,501.71,723.75,393.67,330.08,71,999780,79.03909089,65.7909948,72.390926,71000,1640,164.0360879,0.071015623
635,2011,18,Himachal Pradesh,Shimla,814.01,425.04,388.97,612.64,342.85,269.8,94,814010,80.66299642,69.36267578,75.26197467,94000,2866,352.0841267,0.115477697
651,2011,19,Kerala,Alappuzha,2127.79,1013.14,1114.65,1852.8,890.55,962.25,88,2127790,87.89999408,86.32754676,87.07626223,88000,9927,466.5404011,0.041357465
652,2011,19,Kerala,Kannur,4117.78,1951.29,2166.49,3402.91,1644.81,1758.12,80,4117780,84.2934674,81.1506169,82.63943193,80000,7989,194.0123076,0.019427944
653,2011,19,Kerala,Eranakulam,3504.18,1730.12,1774.06,3040.28,1520.1,1520.18,150,3504180,87.86095762,85.6893228,86.76152481,150000,13192,376.4646793,0.04280602
655,2011,19,Kerala,Kottayam,2861.73,1410.54,1451.2,2488.21,1239.09,1249.11,125,2861730,87.84508061,86.07428335,86.94775538,125000,8448,295.2060467,0.043679872
656,2011,19,Kerala,Kozhikode,3616.31,1731.39,1884.92,3034.04,1479.71,1554.33,70,3616310,85.46370257,82.46132462,83.8987808,70000,3996,110.4993764,0.019356748
657,2011,19,Kerala,Malappuram,4112.92,1960.33,2152.59,3311.32,1597.4,1713.91,65,4112920,81.48628037,79.62082886,80.51019713,65000,13026,316.7092966,0.015803857
658,2011,19,Kerala,Palakkad,2809.93,1359.48,1450.46,2239.49,1122.6,1116.89,70,2809930,82.57569071,77.00246818,79.69913841,70000,7721,274.7755282,0.024911653
659,2011,19,Kerala,Kollam,3832.79,1808.69,2024.11,3302.82,1573.53,1729.3,84,3832790,86.99832475,85.43508011,86.17273579,84000,6357,165.8582912,0.02191615
660,2011,19,Kerala,Thrissur,3121.2,1480.76,1640.44,2678.55,1282.26,1396.29,82,3121200,86.59472163,85.11679793,85.81795463,82000,4891,156.7025503,0.026271947
661,2011,19,Kerala,Thiruvananthapuram,3301.43,1581.68,1719.75,2785.41,1354.86,1430.55,120,3301430,85.65955187,83.18360227,84.36980339,120000,6591,199.6407617,0.036347886
701,2011,8,Orissa,Balasore,3826.87,1946.05,1880.82,2715.37,1498.63,1216.74,41,3826870,77.00881272,64.69199604,70.95537606,41000,3741,97.75612968,0.010713716
702,2011,8,Orissa,Bolangir,2259.18,1141.41,1117.77,1325.68,776.06,549.62,39,2259180,67.99134404,49.17111749,58.67969794,39000,1958,86.66861428,0.017262901
703,2011,8,Orissa,Cuttack,7028.99,3574.47,3454.53,5280.23,2870.45,2409.78,58,7028990,80.30421293,69.75710154,75.12074992,58000,2481,35.29667847,0.008251541
704,2011,8,Orissa,Dhenkanal,2466.63,1268.31,1198.32,1699.37,958.52,740.85,50,2466630,75.5745835,61.82405368,68.89440248,50000,1738,70.46050685,0.020270572
705,2011,8,Orissa,Ganjam,4106.85,2062.1,2044.75,2472.59,1416.31,1056.27,47,4106850,68.68289608,51.65765986,60.20648429,47000,2198,53.52033797,0.011444294
706,2011,8,Orissa,Kalahandi,2187.25,1089.06,1098.19,1101.42,665.08,436.34,28,2187250,61.06917892,39.732651,50.35638359,28000,1593,72.83118071,0.012801463
707,2011,8,Orissa,Keonjhar,1801.73,906.49,895.25,1052.52,605.12,447.4,69,1801730,66.75418372,49.97486736,58.41718792,69000,2161,119.9402796,0.038296526
708,2011,8,Orissa,Koraput,4181.7,2059.2,2122.49,1690.92,1016.78,674.14,37,4181700,49.37742813,31.76175153,40.43618624,37000,1620,38.74022527,0.008848076
709,2011,8,Orissa,Mayurbhanja,2519.74,1256.21,1263.53,1369.4,794.17,575.23,28,2519740,63.2195254,45.52563057,54.34687706,28000,2565,101.7962171,0.011112258
710,2011,8,Orissa,Phulbani ( Kandhamal ),1174.27,581.58,592.71,671.4,392.55,278.85,24,1174270,67.4971629,47.04661639,57.17594761,24000,891,75.87692779,0.02043823
711,2011,8,Orissa,Puri,4913.19,2535.16,2378.04,3730.24,2054.71,1675.53,45,4913190,81.04853343,70.45844477,75.92297469,45000,2944,59.92033689,0.009159019
712,2011,8,Orissa,Sambalpur,3414.39,1730.96,1683.42,2291.17,1291.15,1000.03,70,3414390,74.59155613,59.40466431,67.10334789,70000,2647,77.52482874,0.020501466
713,2011,8,Orissa,Sundargarh,2093.44,1061.15,1032.29,1342.32,750.15,592.18,90,2093440,70.69217359,57.36566275,64.1202996,90000,1239,59.1848823,0.04299144
800,2011,13,West Bengal,24 Parganas,18171.74,9293.17,8878.57,13140.35,7099.33,6041.03,53,18171740,76.39298539,68.0405741,72.31200755,53000,32664,179.7516363,0.002916617
803,2011,13,West Bengal,Nadia,5167.6,2653.77,2513.83,3480.56,1878.87,1601.69,40,5167600,70.80003165,63.71512791,67.35351033,40000,12271,237.4603297,0.007740537
804,2011,13,West Bengal,Murshidabad,7103.81,3627.56,3476.24,4055.83,2177.19,1878.65,33,7103810,60.01802865,54.04258624,57.09372858,33000,14154,199.2451938,0.004645395
805,2011,13,West Bengal,Burdwan,7717.56,3966.89,3750.67,5247.21,2918.04,2329.17,64,7717560,73.55989201,62.10010478,67.99053069,64000,3997,51.79098057,0.008292776
806,2011,13,West Bengal,Birbhum,3502.4,1790.92,1711.48,2158.45,1201.48,956.97,44,3502400,67.08730708,55.91476383,61.62774098,44000,2511,71.69369575,0.012562814
807,2011,13,West Bengal,Bankura,3596.67,1838.1,1758.58,2232.99,1299.34,933.66,56,3596670,70.68929873,53.09169898,62.08492856,56000,2296,63.83682684,0.015569958
810,2011,13,West Bengal,Hooghly,5519.15,2814.65,2704.49,4078.39,2211.78,1866.61,56,5519150,78.58099586,69.01892778,73.89525561,56000,5391,97.67808449,0.01014649
811,2011,13,West Bengal,Howrah,4850.03,2500.82,2349.21,3605.21,1942.82,1662.38,61,4850030,77.68731856,70.763363,74.33376701,61000,10823,223.1532588,0.012577242
812,2011,13,West Bengal,Jalpaiguri,3872.85,1983.06,1889.78,2498.78,1396.62,1102.16,56,3872850,70.4275211,58.32213274,64.5204436,56000,7886,203.6226552,0.014459636
813,2011,13,West Bengal,Darjeeling,1846.82,937.26,909.56,1315.59,717.67,597.91,80,1846820,76.57106886,65.73618013,71.23542089,80000,3555,192.4930421,0.043317703
814,2011,13,West Bengal,Malda,3988.85,2051.54,1937.3,2086.43,1152.02,934.41,37,3988850,56.15391365,48.23259175,52.30655452,37000,4496,112.7141908,0.009275856
816,2011,13,West Bengal,Cooch Behar,2819.09,1451.54,1367.54,1850.5,1028.73,821.77,38,2819090,70.871626,60.09111251,65.64174964,38000,3354,118.9745627,0.013479527
817,2011,13,West Bengal,Purulia,2930.12,1497,1433.12,1624.91,1002.06,622.85,39,2930120,66.93787575,43.46111979,55.45540797,39000,1895,64.67311919,0.013310035
818,2011,13,West Bengal,Midnapur,11009.34,5637.72,5371.61,8001.6,4415.98,3585.62,47,11009340,78.32918272,66.7513092,72.68010616,47000,5000,45.41598316,0.004269102
822,2011,13,West Bengal,West Dinajpur,4683.41,2408.27,2275.15,2573.36,1449.97,1123.38,32,4683410,60.20795011,49.37608509,54.94628914,32000,2336,49.87818705,0.006832628
902,2011,2,Bihar,Muzaffarpur,12375.9,6521.96,5853.95,6156.46,3696.54,2459.94,26,12375900,56.67836049,42.02188266,49.74555386,26000,7351,59.39770037,0.002100857
903,2011,2,Bihar,Darbhanga,12686.34,6619.26,6067.07,6114.85,3759.24,2355.63,22,12686340,56.79245112,38.82648461,48.20026895,22000,5387,42.46299563,0.001734149
904,2011,2,Bihar,Saharsa,4129.74,2152.45,1977.28,1838.28,1154.04,684.23,25,4129740,53.6151827,34.60460835,44.51321391,25000,2020,48.91349092,0.00605365
905,2011,2,Bihar,Purnea,10837.62,5630.1,5207.52,4553.35,2735.08,1818.27,21,10837620,48.57959894,34.91623652,42.01429834,21000,3332,30.74475761,0.001937695
906,2011,2,Bihar,Saran,9844.33,4965.58,4878.76,5470.63,3195.59,2275.05,21,9844330,64.35481857,46.63172609,55.57137967,21000,5200,52.8222845,0.002133208
907,2011,2,Bihar,Patna,8716.12,4575.57,4140.54,4979.61,2947.61,2032.01,50,8716120,64.42060771,49.07596594,57.13103996,50000,14855,170.4313387,0.005736497
908,2011,2,Bihar,Mungair,9402.86,4952.64,4450.21,4813.06,2889.4,1923.67,28,9402860,58.34060218,43.22649942,51.18719198,28000,1981,21.06805802,0.002977817
909,2011,2,Bihar,Bhagalpur,5072.53,2682.8,2389.72,2538.39,1528.63,1009.76,29,5072530,56.97890264,42.25432268,50.04189231,29000,3024,59.6152216,0.005717068
910,2011,15,Jharkhand,Santhal Paragana / Dumka,6969.09,3568.34,3400.75,3332.92,2024.88,1308.04,17,6969090,56.74571369,38.46328016,47.8243214,17000,1562,22.41325625,0.002439343
912,2011,2,Bihar,Gaya,10976.79,5679,5297.8,5859.85,3506.69,2353.16,17,10976790,61.74837119,44.41768281,53.38400388,17000,5207,47.43645456,0.001548722
913,2011,15,Jharkhand,Hazaribagh,8270.32,4263.15,4007.17,4616.8,2781.15,1835.65,48,8270320,65.23697266,45.80913712,55.82371662,48000,2282,27.59264454,0.005803887
914,2011,15,Jharkhand,Dhanbad,3365.06,1759.99,1605.07,2142.46,1265.45,877.01,67,3365060,71.90097671,54.63998455,63.66780979,67000,4092,121.6025866,0.019910492
915,2011,15,Jharkhand,Palamau,3989.63,2059.55,1930.09,2028.72,1236.58,792.16,17,3989630,60.04127115,41.04264568,50.84982818,17000,2033,50.9571063,0.004261047
916,2011,15,Jharkhand,Ranchi,5532.72,2808.61,2724.12,3358.92,1913.34,1445.58,59,5532720,68.12408985,53.06594423,60.71010281,59000,2222,40.1610781,0.010663833
917,2011,15,Jharkhand,Singhbhum,4861.32,2470.7,2390.62,2848.25,1661.13,1187.12,58,4861320,67.23317279,49.65741105,58.59005373,58000,844,17.36153966,0.011930916
